{"noiseKey":{"private":{"type":"Buffer","data":"oBaBPnpgY4CummbRpXbCZVFgVJkAI2zyJgqJE+M9zVw="},"public":{"type":"Buffer","data":"cwQD/MnKWwAiepwg7Lve5OcXZyLSseuskqH1IH3DQgs="}},"pairingEphemeralKeyPair":{"private":{"type":"Buffer","data":"+PhSvbGUqjGNA9HO7yp8iiXWVeZq+3lHDWlDDny+vnw="},"public":{"type":"Buffer","data":"boRBAb1So/0aZ6eOY0iFplr58tB+fWzBCMSRTspDdG4="}},"signedIdentityKey":{"private":{"type":"Buffer","data":"IE+4X0fWps8s8IcChe0z2Ow+vVyh7K6LrjAypgotb3k="},"public":{"type":"Buffer","data":"Oub1bxSaBPbi5LPM8+ZZF/VMaGAUE2iTFLkek7g+yHA="}},"signedPreKey":{"keyPair":{"private":{"type":"Buffer","data":"iL1zjdFxrnvLKmFGeeENWlQnubHuRmteUxVWSyDDQ3s="},"public":{"type":"Buffer","data":"6mKKvaRCgAvxSO35QxR8TL5ngprFJ2Gnk/B2nkpEsSw="}},"signature":{"type":"Buffer","data":"V/mCUqAPDDHmqVxzD2u7l2SjIsHFTLlo4trCes1VbdaS3Cnpcaj/GXWQruzqyxMV/m8hYWB98tF9EMb/ty7Ygg=="},"keyId":1},"registrationId":37,"advSecretKey":"uK2b92+gciH3Ogy6FEL8/iqEszDiKbtRFa5qJ+RegAs=","processedHistoryMessages":[],"nextPreKeyId":31,"firstUnuploadedPreKeyId":31,"accountSyncCounter":0,"accountSettings":{"unarchiveChats":false},"deviceId":"XWLKxutYRpqRIOZUhp8l4w","phoneId":"3898cf25-9f0b-4908-9f2a-ae0b5fc80f1a","identityId":{"type":"Buffer","data":"cN75iHBVv+fVkTYMTFPN/19K/XA="},"registered":true,"backupToken":{"type":"Buffer","data":"DAlaabMdYLfgx0zjB/Iih/APv10="},"registration":{},"pairingCode":"S8GM1KZH","me":{"id":"2349152862168:16@s.whatsapp.net"},"account":{"details":"CJGl15cFEKaelcAGGAEgACgA","accountSignatureKey":"PpNxCZ8DrNJZborqUdhGd4u6SadD1/2nst3yrxBN/GQ=","accountSignature":"gZKmoMHS+fqddCpICVs23kfGTUSI2h47Qdz8nYWJxvQP3l8B3y2iyEMqt8sHUzJhFgwk1Xv874WzVCI4pPSjCw==","deviceSignature":"RWMAoxCHYHWboL92BS7IgdkkTPcz9H8yvuMGsbqRkljN87luJgpFXq04i5j7UItKfLvEQiEPhlWc4rHivt8oiQ=="},"signalIdentities":[{"identifier":{"name":"2349152862168:16@s.whatsapp.net","deviceId":0},"identifierKey":{"type":"Buffer","data":"BT6TcQmfA6zSWW6K6lHYRneLukmnQ9f9p7Ld8q8QTfxk"}}],"platform":"android","lastAccountSyncTimestamp":1745178420,"myAppStateKeyId":"AAAAAIFr"}